ID,Tipo,SKU,Nombre,Categorías
2954,simple,,Almohadas de viaje personalizadas,Viaje
3363,simple,,Artículo de oficina,Articulos para oficina
3366,simple,,Artículo de oficina,Articulos para oficina
3367,simple,,Artículo de oficina,Articulos para oficina
3368,simple,,Artículo de oficina,Articulos para oficina
3369,simple,,Artículo de oficina,Articulos para oficina
3370,simple,,Artículo de oficina,Articulos para oficina
3371,simple,,Artículo de oficina,Articulos para oficina
3372,simple,,Artículo de oficina,Articulos para oficina
3373,simple,,Artículo de oficina,Articulos para oficina
3374,simple,,Artículo de oficina,Articulos para oficina
3375,simple,,Artículo de oficina,Articulos para oficina
3376,simple,,Artículo de oficina,Articulos para oficina
3378,simple,,Artículo de oficina,Articulos para oficina
1180,simple,OFE002,Basureros para automóviles,Bolsas y mochilas
2826,simple,OFE007,Block de notas,Articulos para oficina
3283,simple,,Block de notas,Articulos para oficina
2827,simple,OFE008,Bolsas Ecológicas TNT Personalizadas,Bolsas y mochilas
3520,simple,,Bolsón,Bolsas y mochilas
3521,simple,,Bolsón,Bolsas y mochilas
3530,simple,,Bolsón,Bolsas y mochilas
3532,simple,,Bolsón,Bolsas y mochilas
3533,simple,,Bolsón,Bolsas y mochilas
2947,simple,,Caja de madera para productos o almacenamiento,Packaging
2944,simple,,Caja hexagonal de regalo,Packaging
2820,simple,OFE001,Cartucheras bordadas personalizadas,Articulos para oficina
2823,simple,OFE004,Cintas sublimadas con diseño personalizado,Varios
3812,simple,,Pendrive,Tecnología
3832,simple,,Pendrive Aceddian - 16GB,Tecnología
3720,simple,,Pendrive Aceite Helix 16GB,Tecnología
3692,simple,,Pendrive Bambu - 16GB,Tecnología
3798,simple,,Pendrive Coca Cola - 16GB,Tecnología
3774,simple,,Pendrive Hikvision - 16GB,Tecnología
3814,simple,,Speaker,Tecnología
3275,simple,,Espejo con peine,Viaje
2939,simple,,Forro para maleta personalizada por unidad,Viaje
2937,simple,,Forros para maletas,Viaje
2808,simple,EPR003,Gift Pronta con mensaje personalizado,Gift Pronta
2802,simple,EPR001,Gift Pronta: Black Premium,Gift Pronta
2807,simple,EPR002,Gift Pronta: Skincare con mensaje personalizado,Gift Pronta
3287,simple,,Gorras para sublimar,Gorras y viceras
3746,simple,,hogar-bandejasovaladas,Hogar
3712,simple,,hogar-bombilla,Hogar
3678,simple,,hogar-caja-bandeja,Hogar
3778,simple,,hogar-cuchilloindividualparaasadosegrabaenelmetalymadera,Hogar
3818,simple,,hogar-cuchillotenedorytablaparagrabadolaser,Hogar
3762,simple,,hogar-delantal,Hogar
3704,simple,,hogar-delantal-1,Hogar
3828,simple,,hogar-delantal-liso-colores,Hogar
3722,simple,,hogar-espatuladecocinaparagrabadolaser,Hogar
3684,simple,,hogar-espatuladesiliconaparagrabadolaser,Hogar
3756,simple,,hogar-espatulasdemaderaparagrabadolaser,Hogar
3796,simple,,hogar-guampa2124,Hogar
3830,simple,,hogar-guampa2125,Hogar
3698,simple,,hogar-guampa2127,Hogar
3824,simple,,hogar-guampa2129,Hogar
3776,simple,,hogar-guampadepalosanto,Hogar
3668,simple,,hogar-guampaforradaencuerina2128,Hogar
3754,simple,,hogar-guampas2123,Hogar
3772,simple,,hogar-manopla,Hogar
3794,simple,,hogar-manopla-de-tela-vertical,Hogar
3820,simple,,hogar-manoplas-cocina-sublimables,Hogar
3706,simple,,hogar-mateconbombilla2323,Hogar
3694,simple,,hogar-platodemadera,Hogar
3740,simple,,hogar-tablademadera,Hogar
3782,simple,,hogar-tablaparapiza,Hogar
3764,simple,,hogar-termoconguapa,Hogar
2830,simple,OFE011,Hoppys personalizados con tu marca,Hogar
3714,simple,,kg-Gorra-Sarga,Gorras y viceras
3766,simple,,kg-Gorro-Corderoy,Gorras y viceras
3802,simple,,kg-Gorro-Doble-Faz-AmarilloyNegro,Gorras y viceras
3728,simple,,kg-Gorro-Doble-Faz-BlancoyNegro,Gorras y viceras
3810,simple,,kg-Gorro-Para-Bordar,Gorras y viceras
3742,simple,,kg-Gorro-Pescador,Gorras y viceras
3750,simple,,kg-Quepis-Azul,Gorras y viceras
3670,simple,,kg-Quepis-Blanca,Gorras y viceras
3790,simple,,kg-Quepis-Negra,Gorras y viceras
3804,simple,,kg-Quepis-Negra-1,Gorras y viceras
3730,simple,,kg-Quepis-Roja,Gorras y viceras
3690,simple,,kg-Quepis-Roja-1,Gorras y viceras
3736,simple,,kg-Quepis-Sublimables1,Gorras y viceras
3724,simple,,kg-Quepis-Sublimables1-1,Gorras y viceras
3780,simple,,kg-Quepis-Sublimables1-2,Gorras y viceras
3752,simple,,kg-Todos-Quepis,Gorras y viceras
3285,simple,,Kit de lápices con sacapuntas,Articulos para oficina
3273,simple,,Kit viajero,Viaje
2952,simple,,Lentes de cotillón,Varios
3281,simple,,Llaveros,Varios
2829,simple,OFE010,Llaveros de PVC con diseño personalizado,Varios
2824,simple,OFE005,Mochilas personalizadas con tu logo,Bolsas y mochilas
3524,simple,,Neceser,Bolsas y mochilas
3531,simple,,Neceser,Bolsas y mochilas
3500,simple,,"Neceser, bolsón y mochilas",Bolsas y mochilas
3501,simple,,"Neceser, bolsón y mochilas",Bolsas y mochilas
3502,simple,,"Neceser, bolsón y mochilas",Bolsas y mochilas
3503,simple,,"Neceser, bolsón y mochilas",Bolsas y mochilas
3504,simple,,"Neceser, bolsón y mochilas",Bolsas y mochilas
3505,simple,,"Neceser, bolsón y mochilas",Bolsas y mochilas
3506,simple,,"Neceser, bolsón y mochilas",Bolsas y mochilas
3507,simple,,"Neceser, bolsón y mochilas",Bolsas y mochilas
3508,simple,,"Neceser, bolsón y mochilas",Bolsas y mochilas
3509,simple,,"Neceser, bolsón y mochilas",Bolsas y mochilas
3510,simple,,"Neceser, bolsón y mochilas",Bolsas y mochilas
3511,simple,,"Neceser, bolsón y mochilas",Bolsas y mochilas
3512,simple,,"Neceser, bolsón y mochilas",Bolsas y mochilas
3513,simple,,"Neceser, bolsón y mochilas",Bolsas y mochilas
3514,simple,,"Neceser, bolsón y mochilas",Bolsas y mochilas
3515,simple,,"Neceser, bolsón y mochilas",Bolsas y mochilas
3516,simple,,"Neceser, bolsón y mochilas",Bolsas y mochilas
3517,simple,,"Neceser, bolsón y mochilas",Bolsas y mochilas
3518,simple,,"Neceser, bolsón y mochilas",Bolsas y mochilas
3519,simple,,"Neceser, bolsón y mochilas",Bolsas y mochilas
3522,simple,,"Neceser, bolsón y mochilas",Bolsas y mochilas
3523,simple,,"Neceser, bolsón y mochilas",Bolsas y mochilas
3525,simple,,"Neceser, bolsón y mochilas",Bolsas y mochilas
3526,simple,,"Neceser, bolsón y mochilas",Bolsas y mochilas
3527,simple,,"Neceser, bolsón y mochilas",Bolsas y mochilas
3528,simple,,"Neceser, bolsón y mochilas",Bolsas y mochilas
3529,simple,,"Neceser, bolsón y mochilas",Bolsas y mochilas
3770,simple,,office-anillado-100hojas,Articulos para oficina
3666,simple,,office-bloc-de-notas-secreto-personalizado-1,Articulos para oficina
3806,simple,,Bloc de notas,Articulos para oficina
3702,simple,,Bloc de notas,Articulos para oficina
3834,simple,,Boligrafo Amarillo,Articulos para oficina
3768,simple,,Boligrafo Azul,Articulos para oficina
3744,simple,,Boligrafo Azul Clip,Articulos para oficina
3826,simple,,Boligrafo Naranja Clip,Articulos para oficina
3708,simple,,Boligrafo Negro,Articulos para oficina
3686,simple,,Boligrafo Negro Clip,Articulos para oficina
3676,simple,,Boligrafos 1212,Articulos para oficina
3808,simple,,Boligrafos 3011B,Articulos para oficina
3800,simple,,Boligrafos 508,Articulos para oficina
3682,simple,,Boligrafos CECG2019,Articulos para oficina
3760,simple,,Boligrafos nuevos colores,Articulos para oficina
3688,simple,,"Boligrafos rojo, azul y amarillo",Articulos para oficina
3672,simple,,Lapices de Colores,Articulos para oficina
3788,simple,,Marcador de página,Articulos para oficina
3710,simple,,Marcador de página,Articulos para oficina
3758,simple,,Marcador de página,Articulos para oficina
3674,simple,,Marcador de página,Articulos para oficina
3680,simple,,Notas 1,Articulos para oficina
3664,simple,,Notas 2,Articulos para oficina
3718,simple,,Notitas,Articulos para oficina
3786,simple,,office-ponerconlaimagendelblocknegro,Articulos para oficina
3732,simple,,office-ponerconlamismaimagen,Articulos para oficina
3738,simple,,office-poneronlaimagenyaesta,Articulos para oficina
3792,simple,,Porta Celular,Articulos para oficina
3734,simple,,Porta Credencial,Articulos para oficina
3822,simple,,Porta Stick,Articulos para oficina
3700,simple,,Porta postic con tapa,Articulos para oficina
3696,simple,,Tubo de lápices de colores,Articulos para oficina
3748,simple,,Tubo de lápices de colores,Articulos para oficina
3716,simple,,Tubo de lápices de colores,Articulos para oficina
3836,simple,,Tubo de lápices de colores,Articulos para oficina
2942,simple,,Pack de 20 cajas multiuso,Packaging
3423,simple,,Packaging,Packaging
3424,simple,,Packaging,Packaging
3425,simple,,Packaging,Packaging
3426,simple,,Packaging,Packaging
3427,simple,,Packaging,Packaging
3428,simple,,Packaging,Packaging
3429,simple,,Packaging,Packaging
3430,simple,,Packaging,Packaging
3431,simple,,Packaging,Packaging
3432,simple,,Packaging,Packaging
3433,simple,,Packaging,Packaging
3434,simple,,Packaging,Packaging
3435,simple,,Packaging,Packaging
3436,simple,,Packaging,Packaging
3437,simple,,Packaging,Packaging
3438,simple,,Packaging,Packaging
3439,simple,,Packaging,Packaging
3440,simple,,Packaging,Packaging
3441,simple,,Packaging,Packaging
3442,simple,,Packaging,Packaging
3443,simple,,Packaging,Packaging
3444,simple,,Packaging,Packaging
3445,simple,,Packaging,Packaging
3446,simple,,Packaging,Packaging
3447,simple,,Packaging,Packaging
3448,simple,,Packaging,Packaging
3449,simple,,Packaging,Packaging
3450,simple,,Packaging,Packaging
3451,simple,,Packaging,Packaging
3452,simple,,Packaging,Packaging
3453,simple,,Packaging,Packaging
3454,simple,,Packaging,Packaging
3455,simple,,Packaging,Packaging
3456,simple,,Packaging,Packaging
3457,simple,,Packaging,Packaging
3458,simple,,Packaging,Packaging
3459,simple,,Packaging,Packaging
3460,simple,,Packaging,Packaging
3461,simple,,Packaging,Packaging
3462,simple,,Packaging,Packaging
3463,simple,,Packaging,Packaging
3464,simple,,Packaging,Packaging
3278,simple,,Paraguas,Varios
2825,simple,OFE006,Pendrives personalizados,Tecnología
2822,simple,OFE003,Popsocket,Varios
3052,simple,,Rompecabezas para Día del Padre,Gift Pronta
2958,simple,,Sublimación de cintas,Varios
2940,simple,,Taza con diseño sublimada,Hogar
2964,simple,,Toallas personalizadas,Varios
2935,simple,,Toppers,Varios
2962,simple,,Uniformes personalizados,Varios
3816,simple,,Neceser de viaje,Viaje
3726,simple,,Organizador de maleta,Viaje
3784,simple,,Organizador de maleta,Viaje